,id,accountId,puuid,name,profileIconId,revisionDate,summonerLevel
0,qXPT97QKWFI1jvEkENZcPzeb-jBNWIETJISe8opfPW1k,sP1WpJtn8ddDSp6eDbVcYQXOVuqSKGt1bOf0aRGZJHU,r-fCz1Lws921xxhK6TdrpnvdhASTJ93YqVV41rQaZ1XF7Q-33MQN22ZiYk-RWCepxBPcbjkC5kp6hA,Just Milánek,524,1583102552000,192
1,hpvIXwvNeJLyyajKKr4BrG4dddpBUqpy6C4kMcpd0KtSwVA,gVDSgGNiPyajVqzsqGbRCQZe8xkYgd0vCB6nPzgPRGYrdA,Nv-SyN3E4Fa1TB03McOQkz92HgKVZJPCQqkkA4Uz1RgyhOv7V5Q6mYGHPS7tTjF6v7tHjkDr59lH-A,Vamkiller,519,1583283763000,193
2,qPdFedw3wxod2C85g58Y6wxJ61hJRCrgH1VfQzzF7vEw73I,8mLIYnaVybot7GScJ0US1DcK0s4swTrnQXWMkAaPEFJ2fA,0t01JIaZ-x4jZmJYatDXSxnjS0-Nrxpnso8-WVNW8iRLSKiUjYp11OsTn-Fqzfa61B08g14T2IOlcA,Anarxia,522,1583249933000,126
3,NyF7brLZQUxCqBte3VQhEWPA0LshKJDZ8tgYkLo_paPO3Cw,42HsbZLgKUcnvQYPqEmj7yWfGk6Ccic2PNYvbjrKX3os9w,Rqa-RES4KBre_b3JGqxQ7ICSqdIcGuQA8d-WmOa8QZc_jsR77LaBR3UjFqm_MXlsQ4VpsHIxzRn0Ew,PoZeRaKoC LoStRe,14,1583097414000,98
4,XLnTOSYk15rImfcdBgmF68tw2-JkuUOAVrKZBPY02PTBKRg,y5BE9bBJURje7QGpxx12GOp9_7PWGg6Wtw1zoWpzDOMG4A,veW6sstFZhOQgCsPEhA3H_W93Ju-1bCLEq-WHVJN3jDjQQkDJF5LpsFFGKEycQL7zZ0q0YQuUQrL2A,Prwktolog0s,585,1583285564000,105
5,30h5JnecLy41Tw_qOO1LoYFDXCRXNOb3VkkAdwGrXw8oUTQ,ywClVFcmVDSYJeP6tq1cYCQ4627-7WtchowE1CuQBACBLw,mr8DQ8JR-5lTvJFoD2uXrRyi0dgnZh9oVtMDFNWmA8pFosRdLqvrH_0ksYlfmOiHsM5zMxGRAEFfVA,Kutan,4403,1583075481000,292
6,mprNZc-k6GLGIoPgTe26teGgG18tPPC9BD3mZFpYJTUKq1E,yGQw2FNXAM9kY7bjYVI70gEHgvCVPYKU0wPLdwk7HrceKQ,dbxPuJU2MQy3fJ4UD78CDb1wR9U6OusfvPVzu-PXmQvyIl17Vtw7d3O6JXMpsjZhGVIgT3A_HR30aQ,Kawaiii Soraka,4471,1582924598000,186
7,h04RRk-B4qd_9otIgvhxgxGlznjv2oB4oZoFw0gmEOmyrwo,ASgo7SFD-If53HvNk6Psqo3qF2zIb6vOOIZsRSCUTFbmtw,odw99wVCT4sqfSmgl4IS-NeK8frs0M3FvdqpP63G2qlM2NVoKYBYqfJj0K3Uf-4RiJ8ZCzmNzdR5pw,Schokomann,4404,1581182357000,98
8,TbPZR5p0lQG8uIZ0FuD_g575-MJB0HRyAUZm1wWMgp0Zxvc,pyaR0o0-hkRPQDjmqFVeJl9jAm6gjBcnlOpIVwDvsiAwuA,AMRHcO12P9CchGV1DJTgcbRqtb0TbPeavBZrxQy89y9gFBNrOc7-v69Ts5ZvsKaXuhwdRiFQ21597A,Masochista,4512,1583280006000,267
9,KNYVnnPW-cD5t6PD2gUsy8MhwON2eLhsCeozcScx60rJw2U,RI_9k1SfkFbnzSLlHKHRvACSv3XIrKgaiDgcK9ZTJdlidg,zEjwF2dzwjWc4kNmHaF2HhsEkqM2fOmYCTlt28nHqzolm5L00d5WVh_4R2tMjIfqCYYk-2XPTxiySg,ƒrenna,3227,1583160220000,166
